sector,ticker_a,ticker_b,n_obs,hedge_ratio,adf_pvalue,theta,mu,sigma,half_life_days
basic-materials,UYM,PSCM,2264,1.2754165390881576,0.00039760336013196294,6.778716151197475,-0.0011213132441843822,0.01736315473997114,25.767871910413277
basic-materials,XME,PSCM,2264,1.3476115942782518,0.0009280693132675456,3.7866298403976386,-0.0020637434939334573,0.01561296080538569,46.12890534945016
basic-materials,VAW,IYM,2264,1.039575690115325,0.006246499329828231,3.234148891157062,0.0012702704513959605,0.0024939677557562186,54.008982078315654
basic-materials,PYZ,UYM,2264,0.6493269987111118,0.00928030429808084,4.226027152373758,0.0025163656371480956,0.007538809663559919,41.33269456231307
basic-materials,IYM,FMAT,2264,0.9667007170884572,0.010300602793202277,3.7812138984689883,-0.0009106995228874431,0.0025454295627406567,46.19497711352201
basic-materials,XME,FXZ,2264,1.1419514050273238,0.013823162138908612,1.924278216591941,-0.01417954552539383,0.01164617868372159,90.77330294289098
basic-materials,IYM,RSPM,2264,0.8104959652280671,0.016863999222563552,2.8279723446813736,-0.0005227703670346718,0.004636221662725667,61.76619436523753
basic-materials,PYZ,PSCM,2264,0.842295344659425,0.020574543424167323,4.475734053407202,0.0010405552627089356,0.009277121669954971,39.02669091076455
basic-materials,XME,UYM,2264,1.0120924584669573,0.021546137764936735,2.6387151298529363,0.0015542956420302294,0.01681863809142787,66.19626632862082
basic-materials,FXZ,UYM,2264,0.8552921917243003,0.033866874112193766,1.8218091343080842,0.016538370976071404,0.010686568649224031,95.87891849463493
basic-materials,VAW,FMAT,2264,1.0085962182761832,0.0438741228849097,24.013236841557738,1.0329957280843144e-05,0.0010771373443337626,7.2740335113346255
basic-materials,XLB,RSPM,2264,0.8680020044476595,0.04752223050530044,4.006567277093337,0.0002924481456006859,0.0036851773149677624,43.59669448202231
communication-services,XLC,FCOM,1393,0.9802560608858377,0.00014756382357926696,1.9357022303943725,-0.00477503960437616,0.004211281200377994,90.2375823917499
communication-services,XLC,IXP,1393,1.1535355038521664,0.0003642669649312359,5.739656692544147,-0.00179066447512516,0.004430164106295375,30.43267199726558
communication-services,VOX,IXP,2264,1.0925445020991356,0.04795090889285006,1.8166070489950619,0.0008743702164974469,0.004741513745495749,96.15347997121036
consumer-cyclical,RSPD,FXD,2264,1.0094672435237269,0.000720200779246523,6.85497032137142,-3.5108803197060304e-05,0.003812068634194987,25.481232056765602
consumer-cyclical,VCR,FXD,2264,1.6558183126487533,0.008246870931680392,1.73050879373843,0.007019428558128221,0.013477801711586742,100.93741802014121
consumer-cyclical,FDIS,FXD,2264,1.6773163541553238,0.010209403789964783,1.6496021192854504,0.007507617008817942,0.014050395850224669,105.8880123024869
consumer-cyclical,XLY,IYC,2264,1.1508551785729866,0.011898465554356266,2.056966128242429,0.0009414983756720136,0.003278227238202018,84.917824898923
consumer-cyclical,VCR,RSPD,2264,1.6394088889816294,0.016034946929490947,1.7162521083799351,0.007349251179210115,0.013121254490618968,101.77589215956726
consumer-cyclical,XLY,FXD,2264,1.478818542371072,0.01902703935900647,1.3090142166376648,0.01290867232621129,0.011913513919637067,133.43864969608327
consumer-cyclical,FDIS,RSPD,2264,1.6607611356550693,0.019138426721312853,1.6447176005252995,0.007814582845565238,0.013743629939343884,106.20248086681757
consumer-cyclical,PEJ,XRT,2264,0.28133362512856647,0.030559756277678488,1.4533689688606033,0.004868160285661123,0.01261023462805148,120.18495870188048
consumer-cyclical,XLY,RSPD,2264,1.4647150604275339,0.035493387391173206,1.2464531807739323,0.01386000712105257,0.011371659194925431,140.13610153624091
consumer-cyclical,IYC,FXD,2264,1.2926543739735616,0.037305868969309465,1.2419695149314214,0.01006318333703686,0.009495146839046772,140.64201045285017
consumer-defensive,IYK,FXG,2264,1.6509039347378645,0.012681896929589707,3.389807081968939,-0.0032369812394925602,0.008872707078946131,51.52891750985691
consumer-defensive,FSTA,KXI,2264,1.3261382919057885,0.01908673210323843,3.1806107232621295,-0.0007551025581040116,0.004559540697338825,54.91809740299067
consumer-defensive,XLP,KXI,2264,1.3337479902840725,0.02443505524226684,2.938357792693885,-0.0011782013635603062,0.004616075653057023,59.445820361095656
consumer-defensive,VDC,KXI,2264,1.336171268070251,0.02522707454911902,2.953340427481246,-0.00044931663374519055,0.0045382306812507215,59.1442448949497
consumer-defensive,FXG,PBJ,2264,0.9943753400717645,0.02660409934386593,2.6256274503271655,0.0010582954803041787,0.004149199644999377,66.52622765630407
consumer-defensive,KXI,RSPS,2264,0.8086157128355222,0.04918215224318149,2.5738726969955317,0.0006840029016319832,0.0038092138852898806,67.86391949570825
energy,AMLP,XOP,2264,0.5914845610063604,0.0066493646274898635,2.929421949018444,0.004737713029405411,0.013405670593452832,59.627152571733006
energy,AMLP,MLPA,2264,1.0121138462757773,0.018470210477381916,10.782858744298597,0.0003330146738430445,0.004633993614010094,16.19914473918747
energy,MLPA,FENY,2264,0.7056934256883489,0.02058957737396241,1.9621654639155202,-0.014795236514500957,0.013125498811127288,89.02057074867906
energy,XOP,MLPA,2264,1.4652991273548162,0.02086539830319124,2.445678324158039,-0.0073468757839061745,0.020067036319087347,71.42112181136496
energy,MLPA,IYE,2264,0.7444870327995834,0.02092888920011578,1.9846925148044132,-0.013756987314768019,0.013001103573609995,88.01015179841086
financial-services,XLF,FNCL,2264,1.0329768525355225,0.01377450240851883,3.5305272839016135,-0.0007208777531384154,0.0017309528865521668,49.4750714142828
financial-services,XLF,VFH,2264,1.023167083639619,0.025203028492744254,3.1871774248583593,-0.0009320896063873305,0.0016453538773854534,54.804946890858716
financial-services,VFH,FNCL,2264,1.0095398421874948,0.03270105299161872,25.34540085402918,1.7428914720948763e-05,0.0008895175604563927,6.891707513607476
healthcare,XBI,ARKG,2264,0.45825800501095293,0.015303298840678117,2.8387969192058073,0.0052925838096696464,0.013489046789058452,61.53067460351247
healthcare,IBB,IHI,2264,0.327313144026126,0.03461940247421285,1.981677139865771,-0.002971377951332107,0.01311812013453328,88.1440704881612
healthcare,IBB,ARKG,2264,0.30466129651829726,0.03837224293580259,2.531608260901497,0.00663106443409014,0.01084048205669405,68.99688715619284
healthcare,IBB,IXJ,2264,0.5662333723049507,0.04823659821990756,1.8422009957827996,-0.005434370922919286,0.011723114980020037,94.81760671119551
industrials,XLI,PAVE,1716,0.6659949166012719,0.007990081445394603,3.344699132317134,0.0036622621924704995,0.005088057374277285,52.22385709177272
industrials,ITA,PAVE,1716,0.35997693009928644,0.009911027242189828,2.1583325028212204,0.018701656492968295,0.011413000937365652,80.92964789845209
industrials,PAVE,AIRR,1716,0.9977477663832768,0.012576821462032057,5.323385021570007,-0.0002716005259694264,0.006389913302898004,32.81240954643376
industrials,XLI,VIS,2264,1.0133688654214943,0.02818190131161051,2.744404839909274,-0.0006784077579298245,0.001517400448527016,63.64698347743792
industrials,VIS,FIDU,2264,0.9731448736502293,0.03740282428806161,6.899213830949594,-2.0207794289645525e-05,0.0011476328065321516,25.317825158212926
real-estate,REET,DTCR,797,0.7521566266015693,0.0009310875150492938,6.473181638036518,0.010927716314527255,0.008665821050620632,26.984116817412378
real-estate,REET,ICF,2264,0.6719913549987098,0.005095461793033573,1.5959907669231463,-0.0018924847895324028,0.004876127401318961,109.44492482112051
real-estate,VNQ,DTCR,797,0.7658485866256366,0.013487180344355684,4.340622783843713,0.016193328378069763,0.008549882429921033,40.24148104996802
real-estate,REET,IYR,2264,0.6613262554268996,0.01414598132495586,1.6070762997542536,-0.0021020331529710045,0.0047052681070450806,108.68997914275532
real-estate,VNQ,ICF,2264,0.9816819944811707,0.018194902783315512,2.4872249109561624,-0.00020269945322420397,0.0018931417365472972,70.22810391278878
real-estate,SCHH,DTCR,797,0.7033179972063307,0.018227477484390464,3.945273682094714,0.019088365220268556,0.008605216568715006,44.27401077239459
real-estate,IYR,DTCR,797,0.7394790299053638,0.021275625374281314,4.231138684133323,0.015577035336530988,0.008284050093927827,41.28276157813651
real-estate,SCHH,XLRE,2071,0.5031889681258828,0.02717405596057671,2.052458534979967,0.00011015931573271623,0.007645020258223179,85.10432075686786
real-estate,USRT,ICF,2264,0.9577337178315781,0.028667903235407608,1.64090291165595,0.0022030115023874476,0.0030624491665373877,106.44937507291726
real-estate,SCHH,REET,2264,0.9842135185067337,0.029271197291256927,4.795663926900786,0.0003546919213728692,0.003982517113213527,36.42312976130279
real-estate,XLRE,IYR,2071,1.1938493152767353,0.03461750289782978,2.3427668585761188,6.038770375764512e-05,0.003989458233615513,74.55846016503266
real-estate,SCHH,ICF,2264,0.6675887758076414,0.03877265429073947,1.6763821690026754,-0.0009399581987941839,0.005146163215821936,104.1964611237925
real-estate,VNQ,XLRE,2071,0.7899768812838687,0.041857550048842077,2.4448131705844984,-0.0002552501613268114,0.004076201189610296,71.44639582391726
technology,SOXX,FTEC,2264,1.200579006485675,0.001222069664279062,3.634092704983285,-6.522671462908233e-05,0.008615672991880811,48.06511657272365
technology,SOXX,IYW,2264,1.194124271655662,0.0017535549599420985,3.464730810600874,-0.000292469509998405,0.008763694608521264,50.41462065874416
technology,XLK,SMH,2264,0.8392749962970335,0.002827968956641955,3.4972971731021896,0.00023485966465463802,0.007393689989352835,49.94516646870098
technology,SMH,IYW,2264,1.1876565072042127,0.003667616885172843,3.1296021649591994,0.001403063029873721,0.008662134167097244,55.813192953674815
technology,XLK,SOXX,2264,0.8345789644307982,0.0037379060777831237,3.1163921067331244,0.0017275907754938757,0.007461827565235277,56.04977920580536
technology,QQQ,IYW,2264,0.8905566378686829,0.003969390234199624,3.3979995131384912,0.00026149742911112805,0.0024034853070866256,51.40468349854856
technology,VGT,SOXX,2264,0.8457778942076992,0.004033706315259167,3.059890941669703,4.959130640174041e-05,0.007234397669083475,57.08474348624715
technology,QQQ,SOXX,2264,0.7396042984919161,0.00577390835724164,2.8645475756421197,0.0010354607752367851,0.007095859815555673,60.977548771188175
technology,MGK,IYW,2264,0.782803081953008,0.006809287094629963,2.4661032478197336,-0.0008760127683129003,0.003213924474260651,70.82959306571354
technology,QQQ,MGK,2264,1.1354497527440248,0.007883844990389374,2.9701132163572352,0.001228170456669559,0.002860661287777519,58.8102462017721
technology,SMH,FTEC,2264,1.1935440968831896,0.010653186399351642,2.876264678033812,0.0018314672642535256,0.008550780477641474,60.72914319571978
technology,SOXX,MGK,2264,1.5168855320852126,0.011683943943066434,2.5430994591071787,0.0013647937482525081,0.010922413625903274,68.68511920584882
technology,SMH,MGK,2264,1.50890499690318,0.022914230179223886,2.446300463881287,0.0036078433526965867,0.010827117103508853,71.40295809124397
technology,VGT,SMH,2264,0.8492501934102342,0.02894965987664488,2.3233279797065554,-0.0018102604924757847,0.007194150377062199,75.18227776138953
technology,QQQM,SOXX,809,0.7600153767293444,0.03026582991406709,5.093429065970848,-0.0059084618928654875,0.007566005847788816,34.293810169674394
utilities,UTES,RSPU,2081,1.1349663249948205,0.0009086157347253961,18.370599546253363,6.744173689549926e-05,0.006445643951912575,9.508295527389599
utilities,VPU,IDU,2264,1.0522954822791322,0.02522138762987465,7.0417029215316775,-0.00020897113859221438,0.0010616580274251145,24.805518132127073
